acercamiento_tipo,connivencia_fuerzas_seguridad,connivencia_poder_politico,denuncia_fecha,denuncia_previa,denuncia_tipo_explotacion,denuncia_via_ingreso,denunciado_genero,denunciado_provincia,denunciado_provincia_id,denunciado_rango_etario,derivacion_fecha,derivacion_organismo,derivacion_seguimiento,llamante_anonimo,llamante_es_victima,llamante_genero,llamante_provincia,llamante_provincia_id,llamante_rango_etario,orientacion_fecha,orientacion_provincia,orientacion_provincia_id,orientacion_seguimiento,orientacion_subtema,orientacion_tema,victima_identificada_discapacidad,victima_identificada_embarazada,victima_identificada_genero,victima_identificada_nacionalidad,victima_identificada_provincia_origen,victima_identificada_provincia_origen_id,victima_identificada_rango_etario,victimas_estimadas_cantidad,victimas_estimadas_genero,victimas_estimadas_provincia_hecho,victimas_estimadas_provincia_hecho_id,victimas_estimadas_rango_etario
,,,,,,,,,,,,,,,,,,,,2019-10-01,Buenos Aires,6.0,No se derivó a seguimiento,Otro,TRATA,,,,,,,,,,,,
,,,,,,,,,,,,,,,,,,,,2019-10-02,Buenos Aires,6.0,No se derivó a seguimiento,Pornografía infantil,TRATA,,,,,,,,,,,,
,,,,,,,,,,,,,,,,,,,,2019-10-02,Tierra del Fuego ,94.0,No se derivó a seguimiento,Explotación sexual,TRATA,,,,,,,,,,,,
,,,,,,,,,,,,,,,,,,,,2019-10-03,Jujuy,38.0,No se derivó a seguimiento,Persona desaparecida,TRATA,,,,,,,,,,,,
,,,,,,,,,,,,,,,,,,,,2019-10-04,Santa Fe,82.0,No se derivó a seguimiento,Otro (Víctimas de delito),VÍCTIMA DE DELITO,,,,,,,,,,,,
,,,,,,,,,,,,,,,,,,,,2019-10-07,NS/NC,,No se derivó a seguimiento,Explotación sexual,TRATA,,,,,,,,,,,,
,,,,,,,,,,,,,,,,,,,,2019-10-09,Buenos Aires,6.0,No se derivó a seguimiento,Persona desaparecida,TRATA,,,,,,,,,,,,
,,,,,,,,,,,,,,,,,,,,2019-10-09,Buenos Aires,6.0,No se derivó a seguimiento,Persona desaparecida,TRATA,,,,,,,,,,,,
,,,,,,,,,,,,,,,,,,,,2019-10-10,La Rioja,46.0,No se derivó a seguimiento,Explotación sexual,TRATA,,,,,,,,,,,,
,,,,,,,,,,,,,,,,,,,,2019-10-10,NS/NC,,No se derivó a seguimiento,Otro,TRATA,,,,,,,,,,,,
,,,,,,,,,,,,,,,,,,,,2019-10-10,San Juan ,70.0,No se derivó a seguimiento,ABUSO SEXUAL INFANTIL,ABUSO SEXUAL INFANTIL,,,,,,,,,,,,
,,,,,,,,,,,,,,,,,,,,2019-10-11,Salta,66.0,No se derivó a seguimiento,Explotación sexual,TRATA,,,,,,,,,,,,
,,,,,,,,,,,,,,,,,,,,2019-10-11,San Luis ,74.0,No se derivó a seguimiento,CONTRA LA INTEGRIDAD SEXUAL: Abuso sexual de adultos/as o niños/as,VÍCTIMA DE DELITO,,,,,,,,,,,,
,,,,,,,,,,,,,,,,,,,,2019-10-11,Corrientes,18.0,No se derivó a seguimiento,"Explotación sexual N,N y A",TRATA,,,,,,,,,,,,
,,,,,,,,,,,,,,,,,,,,2019-10-11,NS/NC,,No se derivó a seguimiento,Explotación laboral,TRATA,,,,,,,,,,,,
,,,,,,,,,,,,,,,,,,,,2019-10-11,Santa Fe,82.0,No se derivó a seguimiento,"CONTRA LAS PERSONAS : Delitos contra la integridad física, contra la vida, lesiones, abuso de armas o abandono de personas",VÍCTIMA DE DELITO,,,,,,,,,,,,
,,,,,,,,,,,,,,,,,,,,2019-10-12,Buenos Aires,6.0,No se derivó a seguimiento,"CONTRA LA LIBERTAD: Privación de la libertad, amenazas, sustracción de identidad o posible desaparición de persona",VÍCTIMA DE DELITO,,,,,,,,,,,,
,,,,,,,,,,,,,,,,,,,,2019-10-12,Tucumán,90.0,No se derivó a seguimiento,"CONTRA LAS PERSONAS : Delitos contra la integridad física, contra la vida, lesiones, abuso de armas o abandono de personas",VÍCTIMA DE DELITO,,,,,,,,,,,,
,,,,,,,,,,,,,,,,,,,,2019-10-13,Buenos Aires,6.0,No se derivó a seguimiento,"CONTRA LA LIBERTAD: Privación de la libertad, amenazas, sustracción de identidad o posible desaparición de persona",VÍCTIMA DE DELITO,,,,,,,,,,,,
,,,,,,,,,,,,,,,,,,,,2019-10-13,Buenos Aires,6.0,No se derivó a seguimiento,Otro (Víctimas de delito),VÍCTIMA DE DELITO,,,,,,,,,,,,
,,,,,,,,,,,,,,,,,,,,2019-10-13,Santa Fe,82.0,No se derivó a seguimiento,Persona desaparecida,TRATA,,,,,,,,,,,,
,,,,,,,,,,,,,,,,,,,,2019-10-13,Buenos Aires,6.0,No se derivó a seguimiento,Otro,TRATA,,,,,,,,,,,,
,,,,,,,,,,,,,,,,,,,,2019-10-13,Buenos Aires,6.0,No se derivó a seguimiento,"CONTRA LA ADMINISTRACIÓN PÚBLICA: Abuso de autoridad, violación a los deberes de funcionario público, denegación o de justicia",VÍCTIMA DE DELITO,,,,,,,,,,,,
,,,,,,,,,,,,,,,,,,,,2019-10-15,Buenos Aires,6.0,No se derivó a seguimiento,"Persona desaparecida, Reducción a la servidumbre o situaciones análogas",TRATA,,,,,,,,,,,,
,,,,,,,,,,,,,,,,,,,,2019-10-15,Tucumán,90.0,En curso,Otro (Víctimas de delito),VÍCTIMA DE DELITO,,,,,,,,,,,,
,,,,,,,,,,,,,,,,,,,,2019-10-15,PARAGUAY,,No se derivó a seguimiento,Explotación sexual,TRATA,,,,,,,,,,,,
,,,,,,,,,,,,,,,,,,,,2019-10-16,Buenos Aires,6.0,No se derivó a seguimiento,Otro (Víctimas de delito),VÍCTIMA DE DELITO,,,,,,,,,,,,
,,,,,,,,,,,,,,,,,,,,2019-10-17,Buenos Aires,6.0,No se derivó a seguimiento,Explotación laboral,TRATA,,,,,,,,,,,,
,,,,,,,,,,,,,,,,,,,,2019-10-17,NS/NC,,No se derivó a seguimiento,Explotación sexual,TRATA,,,,,,,,,,,,
,,,,,,,,,,,,,,,,,,,,2019-10-17,Misiones ,54.0,No se derivó a seguimiento,Otro,TRATA,,,,,,,,,,,,
,,,,,,,,,,,,,,,,,,,,2019-10-17,Entre Rios,30.0,No se derivó a seguimiento,"CONTRA LAS PERSONAS : Delitos contra la integridad física, contra la vida, lesiones, abuso de armas o abandono de personas",VÍCTIMA DE DELITO,,,,,,,,,,,,
,,,,,,,,,,,,,,,,,,,,2019-10-18,Misiones ,54.0,No se derivó a seguimiento,Persona desaparecida,TRATA,,,,,,,,,,,,
,,,,,,,,,,,,,,,,,,,,2019-10-18,Salta,66.0,No se derivó a seguimiento,Explotación laboral,TRATA,,,,,,,,,,,,
,,,,,,,,,,,,,,,,,,,,2019-10-18,Catamarca,10.0,No se derivó a seguimiento,Explotación sexual,TRATA,,,,,,,,,,,,
,,,,,,,,,,,,,,,,,,,,2019-10-18,Buenos Aires,6.0,No se derivó a seguimiento,Otro (Víctimas de delito),VÍCTIMA DE DELITO,,,,,,,,,,,,
,,,,,,,,,,,,,,,,,,,,2019-10-18,Santa Fe,82.0,No se derivó a seguimiento,"CONTRA LAS PERSONAS : Delitos contra la integridad física, contra la vida, lesiones, abuso de armas o abandono de personas",VÍCTIMA DE DELITO,,,,,,,,,,,,
,,,,,,,,,,,,,,,,,,,,2019-10-19,Buenos Aires,6.0,No se derivó a seguimiento,Explotación sexual,TRATA,,,,,,,,,,,,
,,,,,,,,,,,,,,,,,,,,2019-10-19,San Luis ,74.0,No se derivó a seguimiento,Explotación sexual,TRATA,,,,,,,,,,,,
,,,,,,,,,,,,,,,,,,,,2019-10-19,NS/NC,,No se derivó a seguimiento,Otro (Víctimas de delito),VÍCTIMA DE DELITO,,,,,,,,,,,,
,,,,,,,,,,,,,,,,,,,,2019-10-19,Salta,66.0,No se derivó a seguimiento,Explotación laboral,TRATA,,,,,,,,,,,,
,,,,,,,,,,,,,,,,,,,,2019-10-19,Buenos Aires,6.0,No se derivó a seguimiento,"CONTRA LA INTEGRIDAD SEXUAL: Corrupción de menores, prostitución infantil, pornografía, explotación sexual de niñas/os o adolescentes,  grooming",VÍCTIMA DE DELITO,,,,,,,,,,,,
,,,,,,,,,,,,,,,,,,,,2019-10-20,Santa Fe,82.0,No se derivó a seguimiento,CONTRA LA PROPIEDAD: Robo o hurto,VÍCTIMA DE DELITO,,,,,,,,,,,,
,,,,,,,,,,,,,,,,,,,,2019-10-20,Santa Fe,82.0,No se derivó a seguimiento,"CONTRA LAS PERSONAS : Delitos contra la integridad física, contra la vida, lesiones, abuso de armas o abandono de personas",VÍCTIMA DE DELITO,,,,,,,,,,,,
,,,,,,,,,,,,,,,,,,,,2019-10-20,Buenos Aires,6.0,No se derivó a seguimiento,Otro,TRATA,,,,,,,,,,,,
,,,,,,,,,,,,,,,,,,,,2019-10-20,Buenos Aires,6.0,No se derivó a seguimiento,"CONTRA LA LIBERTAD: Privación de la libertad, amenazas, sustracción de identidad o posible desaparición de persona",VÍCTIMA DE DELITO,,,,,,,,,,,,
,,,,,,,,,,,,,,,,,,,,2019-10-21,Mendoza,50.0,No se derivó a seguimiento,Otro (Víctimas de delito),VÍCTIMA DE DELITO,,,,,,,,,,,,
,,,,,,,,,,,,,,,,,,,,2019-10-21,Corrientes,18.0,No se derivó a seguimiento,ABUSO SEXUAL INFANTIL,ABUSO SEXUAL INFANTIL,,,,,,,,,,,,
,,,,,,,,,,,,,,,,,,,,2019-10-21,Río Negro,62.0,No se derivó a seguimiento,Grooming,TRATA,,,,,,,,,,,,
,,,,,,,,,,,,,,,,,,,,2019-10-22,Buenos Aires,6.0,No se derivó a seguimiento,Explotación sexual,TRATA,,,,,,,,,,,,
,,,,,,,,,,,,,,,,,,,,2019-10-22,Buenos Aires,6.0,No se derivó a seguimiento,Otro,TRATA,,,,,,,,,,,,
,,,,,,,,,,,,,,,,,,,,2019-10-22,Buenos Aires,6.0,No se derivó a seguimiento,Otro,TRATA,,,,,,,,,,,,
,,,,,,,,,,,,,,,,,,,,2019-10-22,Tucumán,90.0,No se derivó a seguimiento,"CONTRA LA ADMINISTRACIÓN PÚBLICA: Abuso de autoridad, violación a los deberes de funcionario público, denegación o de justicia",VÍCTIMA DE DELITO,,,,,,,,,,,,
,,,,,,,,,,,,,,,,,,,,2019-10-22,Buenos Aires,6.0,No se derivó a seguimiento,Oferta laboral engañosa,TRATA,,,,,,,,,,,,
,,,,,,,,,,,,,,,,,,,,2019-10-22,Buenos Aires,6.0,No se derivó a seguimiento,Otro,TRATA,,,,,,,,,,,,
,,,,,,,,,,,,,,,,,,,,2019-10-23,NS/NC,,No se derivó a seguimiento,Persona desaparecida,TRATA,,,,,,,,,,,,
,,,,,,,,,,,,,,,,,,,,2019-10-23,Buenos Aires,6.0,No se derivó a seguimiento,Explotación sexual,TRATA,,,,,,,,,,,,
,,,,,,,,,,,,,,,,,,,,2019-10-23,Mendoza,50.0,No se derivó a seguimiento,Otro,TRATA,,,,,,,,,,,,
,,,,,,,,,,,,,,,,,,,,2019-10-23,Entre Rios,30.0,No se derivó a seguimiento,Otro,TRATA,,,,,,,,,,,,
,,,,,,,,,,,,,,,,,,,,2019-10-24,Buenos Aires,6.0,No se derivó a seguimiento,"CONTRA LAS PERSONAS : Delitos contra la integridad física, contra la vida, lesiones, abuso de armas o abandono de personas",VÍCTIMA DE DELITO,,,,,,,,,,,,
,,,,,,,,,,,,,,,,,,,,2019-10-24,NS/NC,,No se derivó a seguimiento,Persona desaparecida,TRATA,,,,,,,,,,,,
,,,,,,,,,,,,,,,,,,,,2019-10-24,Buenos Aires,6.0,No se derivó a seguimiento,"CONTRA LA PROPIEDAD: Fraude, estafa , extorsión, usurpación o daños",VÍCTIMA DE DELITO,,,,,,,,,,,,
,,,,,,,,,,,,,,,,,,,,2019-10-25,Chubut ,26.0,Organismo de niñez,Otro (Víctimas de delito),VÍCTIMA DE DELITO,,,,,,,,,,,,
,,,,,,,,,,,,,,,,,,,,2019-10-25,Buenos Aires,6.0,No se derivó a seguimiento,Otro (Víctimas de delito),VÍCTIMA DE DELITO,,,,,,,,,,,,
,,,,,,,,,,,,,,,,,,,,2019-10-25,NS/NC,,No se derivó a seguimiento,Otro,TRATA,,,,,,,,,,,,
,,,,,,,,,,,,,,,,,,,,2019-10-26,Buenos Aires,6.0,No se derivó a seguimiento,Posible captación,TRATA,,,,,,,,,,,,
,,,,,,,,,,,,,,,,,,,,2019-10-26,San Juan ,70.0,No se derivó a seguimiento,Otro (Víctimas de delito),VÍCTIMA DE DELITO,,,,,,,,,,,,
,,,,,,,,,,,,,,,,,,,,2019-10-28,San Luis ,74.0,No se derivó a seguimiento,Explotación sexual,TRATA,,,,,,,,,,,,
,,,,,,,,,,,,,,,,,,,,2019-10-28,Formosa ,34.0,No se derivó a seguimiento,"CONTRA LAS PERSONAS : Delitos contra la integridad física, contra la vida, lesiones, abuso de armas o abandono de personas",VÍCTIMA DE DELITO,,,,,,,,,,,,
,,,,,,,,,,,,,,,,,,,,2019-10-28,NS/NC,,No se derivó a seguimiento,Otro (Víctimas de delito),VÍCTIMA DE DELITO,,,,,,,,,,,,
,,,,,,,,,,,,,,,,,,,,2019-10-29,Mendoza ,50.0,No se derivó a seguimiento,Otro,TRATA,,,,,,,,,,,,
,,,,,,,,,,,,,,,,,,,,2019-10-29,Jujuy,38.0,No se derivó a seguimiento,Otro (Víctimas de delito),VÍCTIMA DE DELITO,,,,,,,,,,,,
,,,,,,,,,,,,,,,,,,,,2019-10-29,Cordoba,14.0,No se derivó a seguimiento,Otro (Víctimas de delito),VÍCTIMA DE DELITO,,,,,,,,,,,,
,,,,,,,,,,,,,,,,,,,,2019-10-29,Buenos Aires,6.0,No se derivó a seguimiento,Explotación laboral,TRATA,,,,,,,,,,,,
,,,,,,,,,,,,,,,,,,,,2019-10-29,Santa Fe,82.0,No se derivó a seguimiento,"CONTRA LAS PERSONAS : Delitos contra la integridad física, contra la vida, lesiones, abuso de armas o abandono de personas",VÍCTIMA DE DELITO,,,,,,,,,,,,
,,,,,,,,,,,,,,,,,,,,2019-10-29,Chaco ,22.0,No se derivó a seguimiento,Otro,TRATA,,,,,,,,,,,,
,,,,,,,,,,,,,,,,,,,,2019-10-29,NS/NC,,No se derivó a seguimiento,"CONTRA LAS PERSONAS : Delitos contra la integridad física, contra la vida, lesiones, abuso de armas o abandono de personas",VÍCTIMA DE DELITO,,,,,,,,,,,,
,,,,,,,,,,,,,,,,,,,,2019-10-30,NS/NC,,No se derivó a seguimiento,"CONTRA LA PROPIEDAD: Fraude, estafa , extorsión, usurpación o daños",VÍCTIMA DE DELITO,,,,,,,,,,,,
,,,,,,,,,,,,,,,,,,,,2019-10-30,NS/NC,,No se derivó a seguimiento,"CONTRA LA ADMINISTRACIÓN PÚBLICA: Abuso de autoridad, violación a los deberes de funcionario público, denegación o de justicia",VÍCTIMA DE DELITO,,,,,,,,,,,,
,,,,,,,,,,,,,,,,,,,,2019-10-30,NS/NC,,No se derivó a seguimiento,Pornografía infantil,TRATA,,,,,,,,,,,,
,,,,,,,,,,,,,,,,,,,,2019-10-30,Mendoza ,50.0,No se derivó a seguimiento,Otro (Víctimas de delito),VÍCTIMA DE DELITO,,,,,,,,,,,,
,,,,,,,,,,,,,,,,,,,,2019-10-30,Buenos Aires,6.0,No se derivó a seguimiento,Otro,TRATA,,,,,,,,,,,,
,,,,,,,,,,,,,,,,,,,,2019-10-31,Buenos Aires,6.0,No se derivó a seguimiento,Explotación sexual,TRATA,,,,,,,,,,,,
NS/NC,No,No,2019-10-01,Nueva,Explotación Sexual,Línea 145,NS/NC,NS/NC,,NS/NC,2019-10-01,Protex ,No,No,No es Víctima,Masculino,Buenos Aires,6.0,NS/NC,,,,,,,No,No,Femenino,Argentina,NS/NC,,30,4,Femenino,Buenos Aires,6.0,30
ONG-Organismos nacionales,No,No,2019-10-01,Nueva,Explotación Sexual,Línea 145,NS/NC,NS/NC,,NS/NC,2019-10-01,Protex ,No,No,No es Víctima,Masculino,Buenos Aires,6.0,81,,,,,,,No,No,Femenino,Argentina,Buenos Aires,6.0,30,4,Femenino,Buenos Aires,6.0,30
NS/NC,No,No,2019-10-01,Nueva,Explotación Sexual,Línea 145,NS/NC,NS/NC,,NS/NC,2019-10-01,Area Legal para judicializar,No,Sí,No es Víctima,Masculino,CABA,2.0,NS/NC,,,,,,,No,No,Femenino,NS/NC,NS/NC,,NS/NC,4,Femenino,Buenos Aires,6.0,18
NS/NC,No,No,2019-10-01,Nueva,Pornografía Infantil,Línea 145,Masculino,Buenos Aires,6.0,45,2019-10-01,Protex ,No,Sí,No es Víctima,Masculino,NS/NC,,NS/NC,,,,,,,No,No,Femenino,NS/NC,Buenos Aires,6.0,12,1,Femenino,Buenos Aires,6.0,12
NS/NC,no,no,2019-10-01,Nueva,Eplotacion  Sexual ,Línea 145,femenino,Mendoza,50.0,30,2019-10-01,Protex ,No,Sí,No es Víctima,Femenino,NS/NC,,NS/NC,,,,,,,Sí,no,Femenino,Argentina,Menodza,,30,1,Femenino,MENDOZA,50.0,30
Internet,No,No,2019-10-01,Nueva,Oferta Laboral Engañosa,Línea 145,Masculino,Santa Fe,82.0,NS/NC,2019-10-02,Protex ,no,Sí,Víctima Directa,Femenino,Santa Fe,82.0,19,,,,,,,No,No,Femenino,NS/NC,Santa Fe,82.0,19,1,Femenino,Santa Fe,82.0,NS/NC
NS/NC,No,No,2019-10-01,Nueva,Explotación Sexual,Línea 145,Femenino,Buenos Aires,6.0,NS/NC,2019-10-02,Prefectura Naval y Protex,no,Sí,Víctima Indirecta,Femenino,Buenos Aires,6.0,NS/NC,,,,,,,Sí,Sí,Femenino,Argentina,Buenos Aires,6.0,30,2,Presencia de M y H,Buenos Aires,6.0,30
NS/NC,No,No,2019-10-02,Relacionada,Explotación Sexual,Línea 145,Presencia de M y H,Buenos Aires,6.0,NS/NC,2019-10-02,Protex ,No,Sí,No es Víctima,Femenino,Buenos Aires,6.0,NS/NC,,,,,,,No,No,NS/NC,NS/NC,NS/NC,,NS/NC,NS/NC,NS/NC,Buenos Aires,6.0,NS/NC
NS/NC,No,No,2019-10-02,Nueva,Explotación Laboral,Línea 145,Presencia de M y H,Buenos Aires,6.0,NS/NC,2019-10-02,Prefectura Naval y Protex,No,Sí,No es Víctima,Masculino,Buenos Aires,6.0,NS/NC,,,,,,,No,No,Presencia de M y H,Países Limítrofes,NS/NC,,NS/NC,10,Presencia de M y H,Buenos Aires,6.0,NS/NC
NS/NC,No,No,2019-10-02,Nueva,Explotación Sexual,Línea 145,NS/NC,NS/NC,,NS/NC,2019-10-02,Gendarmería y Protex,No,No,Víctima Directa,Femenino,Córdoba,14.0,17,,,,,,,No,No,Presencia de M y H,NS/NC,NS/NC,,NS/NC,NS/NC,NS/NC,Córdoba,14.0,NS/NC
NS/NC,No,No,2019-10-02,Nueva,Explotación Sexual,Línea 145,Masculino,Chaco,22.0,NS/NC,2019-10-02,Gendarmería y Protex,No,Sí,No es Víctima,Masculino,Chaco,22.0,NS/NC,,,,,,,No,No,Femenino,NS/NC,NS/NC,,14,NS/NC,NS/NC,Chaco,22.0,NS/NC
NS/NC,No,No,2019-10-03,Nueva,Explotación Sexual,Línea 145,Femenino,Buenos Aires,6.0,45,2019-10-03,Policía Federal y Protex,No,Sí,No es Víctima,Femenino,Buenos Aires,6.0,NS/NC,,,,,,,No,No,Femenino,Argentina,Buenos Aires,6.0,16,1,Femenino,Buenos Aires,6.0,16
NS/NC,No,No,2019-10-03,Relacionada,Explotación Sexual,Línea 145,Femenino,CABA,2.0,NS/NC,2019-10-03,Area Legal del PNR (ya judicializada),No,Sí,No es Víctima,Masculino,CABA,2.0,NS/NC,,,,,,,No,No,Femenino,Países Limítrofes,CABA,2.0,NS/NC,9,Femenino,CABA,2.0,NS/NC
NS/NC,No,No,2019-10-03,Nueva,Traslado de personas,Línea telefónica institucional,NS/NC,CABA,2.0,NS/NC,2019-10-03,Area Legal para judicializar,No,No,No es Víctima,NS/NC,NS/NC,,NS/NC,,,,,,,No,No,Femenino,NS/NC,NS/NC,,NS/NC,NS/NC,Femenino,CABA,2.0,NS/NC
ONG-Organismos nacionales,No,No,2019-10-03,Nueva,"Explotación Sexual de N, N y A",Línea 145,Masculino,Corrientes,18.0,NS/NC,2019-10-03,Gendarmería y Protex,No,No,No es Víctima,Masculino,Buenos Aires,6.0,NS/NC,,,,,,,No,No,Femenino,Argentina,Corrientes,18.0,13,3,Presencia de M y H,Corrientes,18.0,13
NS/NC,No,No,2019-10-03,Nueva,Explotación Sexual,Línea 145,NS/NC,NS/NC,,NS/NC,2019-10-03,Area Legal para judicializar,No,Sí,No es Víctima,Femenino,NS/NC,,NS/NC,,,,,,,No,No,Femenino,Países Limítrofes,NS/NC,,NS/NC,NS/NC,Femenino,CABA,2.0,23
NS/NC,No,No,2019-10-03,Ampliatoria,Explotación Sexual,Línea 145,Femenino,Buenos Aires,6.0,NS/NC,2019-10-02,Protex ,No,Sí,Víctima Indirecta,Femenino,Buenos Aires,6.0,NS/NC,,,,,,,Sí,Sí,Femenino,Argentina,Buenos Aires,6.0,30,2,Presencia de M y H,Buenos Aires,6.0,30
NS/NC,No,No,2019-10-03,Nueva,Explotación Laboral,Línea 145,Masculino,NS/NC,,NS/NC,2019-10-03,Policía Federal y Protex,No,Sí,No es Víctima,Masculino,Buenos Aires,6.0,NS/NC,,,,,,,No,No,Masculino,Argentina,Buenos Aires,6.0,12,8,Masculino,Buenos Aires,6.0,12
NS/NC,Sí,No,2019-10-03,Nueva,Desaparición de personas,Línea 145,Masculino,JUJUY,38.0,NS/NC,2019-10-03,Area Legal del PNR (ya judicializada),No,No,No es Víctima,Femenino,Jujuy,38.0,NS/NC,,,,,,,No,No,Masculino,Argentina,JUJUY,38.0,25,1,Masculino,JUJUY,38.0,25
ONG-Organismos nacionales,No,No,2019-10-04,Nueva,Desaparición de personas,Línea 145,NS/NC,NS/NC,,NS/NC,2019-10-04,Protex ,No,No,No es Víctima,Masculino,Buenos Aires,6.0,NS/NC,,,,,,,No,No,Femenino,Argentina,Buenos Aires,6.0,17,1,Femenino,Buenos Aires,6.0,17
NS/NC,No,No,2019-10-04,Nueva,Posible captación,Línea 145,NS/NC,NS/NC,,NS/NC,2019-10-04,Protex ,No,No,No es Víctima,Femenino,Buenos Aires,6.0,NS/NC,,,,,,,No,No,Femenino,Argentina,Buenos Aires,6.0,17,1,Femenino,Buenos Aires,6.0,17
ONG-Organismos nacionales,No,No,2019-10-04,Nueva,Oferta Laboral Engañosa,Línea 145,Masculino,NS/NC,,45,2019-10-04,Protex ,No,Sí,No es Víctima,Masculino,Buenos Aires,6.0,NS/NC,,,,,,,No,No,Femenino,Argentina,NS/NC,,24,1,Femenino,Buenos Aires,6.0,24
ONG-Organismos nacionales,NO,NO,2019-10-04,Nueva,Explotación Sexual,Línea 145,Femenino,Buenos Aires,6.0,40,2019-10-04,Gendarmería y Protex,NO,Sí,No es Víctima,Femenino,Buenos Aires,6.0,17,,,,,,,NO,NO,Femenino,Argentina,Buenos Aires,6.0,17,3,Femenino,CABA,2.0,17
NS/NC,Sí,Sí,2019-10-04,Nueva,Venta de Niñxs y otros delitos,Línea 145,Masculino,Salta,66.0,NS/NC,2019-10-04,Protex ,No,Sí,No es Víctima,Masculino,Salta,66.0,NS/NC,,,,,,,no,No,Femenino,Argentina,Salta,66.0,16,NS/NC,Femenino,Salta,66.0,15
NS/NC,No,No,2019-10-04,Ampliatoria,Posible captación,Línea 145,NS/NC,NS/NC,,NS/NC,2019-10-04,Protex ,No,No,No es Víctima,Femenino,Buenos Aires,6.0,NS/NC,,,,,,,No,No,Femenino,Argentina,Buenos Aires,6.0,17,1,Femenino,Buenos Aires,6.0,17
NS/NC,NO,NO,2019-10-04,Ampliatoria,Oferta Laboral Engañosa,Línea 145,Masculino,NS/NC,,45,2019-10-04,Protex ,No,Sí,No es Víctima,Masculino,Buenos Aires,6.0,NS/NC,,,,,,,NO,NO,Femenino,Argentina,Buenos Aires,6.0,24,1,Femenino,Buenos Aires,6.0,24
NS/NC,No,No,2019-10-04,Nueva,Pornografía Infantil,Línea 145,NS/NC,NS/NC,,NS/NC,2019-10-04,Protex ,No,Sí,No es Víctima,Femenino,Buenos Aires,6.0,NS/NC,,,,,,,No,No,Femenino,Argentina,Buenos Aires,6.0,13,NS/NC,Femenino,Buenos Aires,6.0,13
ONG-Organismos nacionales,No,No,2019-10-05,Nueva,Desaparición de personas,Línea 145,NS/NC,NS/NC,,NS/NC,2019-10-05,Protex ,No,No,Víctima Indirecta,Masculino,Chaco,22.0,60,,,,,,,No,No,Masculino,Argentina,Chaco,22.0,28,1,Masculino,Chaco,22.0,28
Campañas del Programa,No,No,2019-10-05,Nueva,Explotación Sexual,Línea 145,NS/NC,NS/NC,,NS/NC,2019-10-05,Protex ,No,Sí,No es Víctima,Masculino,Buenos Aires,6.0,NS/NC,,,,,,,No,No,Femenino,NS/NC,NS/NC,,NS/NC,2,Femenino,Buenos Aires,6.0,NS/NC
ONG-Organismos nacionales,No,No,2019-10-06,Nueva,Explotación Sexual,Línea 145,Femenino,Santa Cruz,78.0,73,2019-10-05,Gendarmería y Protex,No,No,Víctima Directa,Femenino,Santa Cruz,78.0,44,,,,,,,No,No,Femenino,Países Limítrofes,Buenos Aires,6.0,44,1,Femenino,Santa Cruz,78.0,44
NS/NC,No,No,2019-10-06,Ampliatoria,Explotación Sexual,Línea 145,Masculino,NS/NC,,NS/NC,2019-10-06,Area Legal del PNR (ya judicializada),No,Sí,No es Víctima,Masculino,NS/NC,,NS/NC,,,,,,,No,No,Femenino,NS/NC,NS/NC,,NS/NC,8,Femenino,CABA,2.0,NS/NC
NS/NC,NO,NO,2019-10-06,Relacionada,Explotación Sexual,Línea 145,Masculino,CORRIENTES,18.0,55,2019-10-06,Protex ,no,No,No es Víctima,Masculino,CORRIENTES,18.0,NS/NC,,,,,,,NO,NO,Femenino,NS/NC,Corrientes,18.0,NS/NC,NS/NC,Femenino,CORRIENTES,18.0,NS/NC
NS/NC,NO,NO,2019-10-06,Nueva,Oferta Laboral Engañosa,Correo Electrónico,NS/NC,CABA,2.0,NS/NC,2019-10-06,Area Legal para judicializar,no,No,Víctima Directa,Femenino,NS/NC,,NS/NC,,,,,,,NO,NO,Femenino,NS/NC,NS/NC,,NS/NC,NS/NC,Femenino,CABA,2.0,NS/NC
NS/NC,NO,NO,2019-10-07,Ampliatoria,Oferta Laboral Engañosa,Correo Electrónico,NS/NC,CABA,2.0,NS/NC,2019-10-07,Area Legal para judicializar,no,No,Víctima Directa,Femenino,NS/NC,,NS/NC,,,,,,,NO,NO,Femenino,NS/NC,NS/NC,,NS/NC,NS/NC,Femenino,CABA,2.0,NS/NC
ONG-Organismos nacionales,No,No,2019-10-05,Ampliatoria,Desaparición de personas,Línea 145,NS/NC,NS/NC,,NS/NC,2019-10-07,Protex ,No,No,Víctima Indirecta,Masculino,Chaco,22.0,60,,,,,,,No,No,Masculino,Argentina,Chaco,22.0,28,1,Masculino,Chaco,22.0,28
NS/NC,No,No,2019-10-07,Nueva,Desaparición de personas,Línea 145,NS/NC,NS/NC,,NS/NC,2019-10-07,Protex y Personas Extraviadas,No,No,No es Víctima,Femenino,Santa Fe,82.0,NS/NC,,,,,,,No,No,Femenino,Argentina,Santa Fe,82.0,31,1,Femenino,Santa Fe,82.0,31
ONG-Organismos nacionales,No,No,2019-10-02,Nueva,Venta de Niñxs y otros delitos,Presencial,Femenino,Entre Ríos,30.0,NS/NC,2019-10-07,Area Legal para judicializar,no,No,Víctima Directa,Femenino,CABA,2.0,32,,,,,,,No,No,Femenino,Argentina,Caba,2.0,32,1,Femenino,Entre Ríos,30.0,32
NS/NC,No,No,2019-10-07,Nueva,Explotación Sexual,Línea 145,Masculino,Buenos Aires,6.0,60,2019-10-07,Area Legal del PNR (ya judicializada),No,Sí,No es Víctima,Femenino,Buenos Aires,6.0,NS/NC,,,,,,,no,No,Femenino,NS/NC,caba,2.0,NS/NC,NS/NC,Femenino,caba,2.0,NS/NC
NS/NC,No,No,2019-10-07,Nueva,Desaparición de personas,Línea 145,Masculino,Buenos Aires,6.0,NS/NC,2019-10-07,Protex y Personas Extraviadas,No,No,No es Víctima,Femenino,Buenos Aires,6.0,NS/NC,,,,,,,No,No,Femenino,Argentina,Buenos Aires,6.0,28,1,Femenino,Buenos Aires,6.0,28
NS/NC,No,No,2019-10-07,Nueva,Explotación Sexual,Línea 145,Masculino,Santa Fe,82.0,65,2019-10-07,Protex ,No,Sí,No es Víctima,Masculino,NS/NC,,NS/NC,,,,,,,no,No,Femenino,NS/NC,Santa Fe,82.0,28,1,Femenino,Santa Fe,82.0,28
NS/NC,No,No,2019-10-08,Nueva,Explotación Sexual,Línea 145,NS/NC,Santa Fe,82.0,NS/NC,2019-10-08,Protex ,No,No,No es Víctima,Femenino,Santa Fe,82.0,NS/NC,,,,,,,No,No,Femenino,NS/NC,Santa Fe,82.0,NS/NC,NS/NC,Femenino,Santa Fe,82.0,NS/NC
NS/NC,No,No,2019-10-08,Nueva,Explotación Sexual,Línea 145,Masculino,NS/NC,,NS/NC,2019-10-08,Policía Federal y Protex,No,No,No es Víctima,Femenino,CABA,2.0,NS/NC,,,,,,,No,No,Femenino,Argentina,Buenos Aires,6.0,30,1,Femenino,Buenos Aires,6.0,30
NS/NC,No,No,2019-10-08,Nueva,Explotación Laboral,Línea 145,Presencia de M y H,Córdoba,14.0,32,2019-10-08,Protex ,No,Sí,No es Víctima,Masculino,Córdoba,14.0,NS/NC,,,,,,,No,No,Femenino,Países Limítrofes,NS/NC,,16,6,Femenino,Córdoba,14.0,16
NS/NC,No,No,2019-10-09,Nueva,Desaparición de personas,Línea 145,NS/NC,NS/NC,,NS/NC,2019-10-09,Area Legal del PNR (ya judicializada),No,No,No es Víctima,Masculino,Buenos Aires,6.0,NS/NC,,,,,,,Sí,No,Femenino,Argentina,CABA,2.0,24,NS/NC,NS/NC,CABA,2.0,NS/NC
ONG-Organismos nacionales,No,No,2019-10-08,Ampliatoria,Desaparición de personas,Línea 145,NS/NC,NS/NC,,NS/NC,2019-10-08,Protex,No,No,No es Víctima,Masculino,Buenos Aires,6.0,NS/NC,,,,,,,No,No,Femenino,Argentina,Buenos Aires,6.0,17,1,Femenino,NS/NC,,17
ONG-Organismos nacionales,No,No,2019-10-09,Nueva,Explotación Sexual,Línea 145,Masculino,Córdoba,14.0,50,2019-10-09,Protex ,No,Sí,No es Víctima,Masculino,Córdoba,14.0,NS/NC,,,,,,,No,No,Masculino,NS/NC,NS/NC,,13,NS/NC,Masculino,Córdoba,14.0,13
ONG-Organismos nacionales,No,No,2019-10-09,Nueva,Explotación Sexual,Línea 145,Masculino,NS/NC,,NS/NC,2019-10-09,Protex ,No,Sí,No es Víctima,Masculino,MENDOZA,50.0,NS/NC,,,,,,,No,No,Femenino,NS/NC,Mendoza,50.0,NS/NC,NS/NC,Femenino,MENDOZA,50.0,NS/NC
NS/NC,No,No,2019-10-09,Ampliatoria,Desaparición de personas,Línea 145,NS/NC,NS/NC,,NS/NC,2019-10-09,Area Legal del PNR (ya judicializada),No,No,No es Víctima,Masculino,Buenos Aires,6.0,NS/NC,,,,,,,Sí,No,Femenino,Argentina,CABA,2.0,24,NS/NC,NS/NC,CABA,2.0,NS/NC
NS/NC,No,No,2019-10-09,Nueva,Oferta Laboral Engañosa,Línea 145,NS/NC,NS/NC,,NS/NC,2019-10-09,Area Legal para judicializar,No,Sí,No es Víctima,Femenino,CABA,2.0,NS/NC,,,,,,,No,No,Femenino,Argentina,CABA,2.0,NS/NC,NS/NC,Femenino,CABA,2.0,NS/NC
NS/NC,no,no,2019-10-10,Nueva,"Explotación Sexual de N, N y A",Línea 145,NS/NC,NS/NC,,NS/NC,2019-10-10,Gendarmería y Protex,No,Sí,No es Víctima,Femenino,Santa fe,82.0,NS/NC,,,,,,,no,no,Femenino,NS/NC,NS/NC,,12,1,Femenino,Santa FE,82.0,12
NS/NC,no,no,2019-10-10,Relacionada,Explotación Sexual,Línea 145,Femenino,CABA,2.0,70,2019-10-10,Area Legal del PNR (ya judicializada),No,Sí,No es Víctima,Masculino,CABA,2.0,NS/NC,,,,,,,no,no,Femenino,Países Limítrofes,CABA,2.0,18,10,Femenino,CABA,2.0,18
NS/NC,No,No,2019-10-10,Nueva,Explotación Sexual,Línea 145,Femenino,CABA,2.0,40,2019-10-10,Area Legal para judicializar,No,Sí,Víctima Directa,Femenino,CABA,2.0,29,,,,,,,No,No,Femenino,NS/NC,CABA,2.0,29,NS/NC,Femenino,CABA,2.0,29
NS/NC,No,No,2019-10-11,Nueva,Venta de Niñxs y otros delitos,Línea 145,Masculino,CABA,2.0,40,2019-10-11,Area Legal para judicializar,No,No,Víctima Directa,Femenino,CABA,2.0,27,,,,,,,No,No,Femenino,Argentina,CABA,2.0,27,1,Femenino,CABA,2.0,27
ONG-Organismos nacionales,No,No,2019-10-11,Nueva,Explotación Laboral,Línea 145,Masculino,NS/NC,,NS/NC,2019-10-11,Policía Federal y Area Legal del PNR,No,No,No es Víctima,Femenino,CABA,2.0,NS/NC,,,,,,,No,No,Femenino,Países Limítrofes,CABA,2.0,20,3,Femenino,CABA,2.0,20
NS/NC,No,No,2019-10-11,Nueva,Reducción a la servidumbre o situaciones análogas,Línea 145,Masculino,Tucumán,90.0,50,2019-10-11,Gendarmería y Protex,No,No,Víctima Indirecta,Femenino,Tucumán,90.0,NS/NC,,,,,,,Sí,No,Presencia de M y H,Argentina,Tucumán,90.0,10,10,Presencia de M y H,Tucumán,90.0,10
NS/NC,No,No,2019-10-11,Ampliatoria,Desaparición de personas,Línea 145,NS/NC,NS/NC,,NS/NC,2019-10-11,Area Legal del PNR (ya judicializada),No,No,No es Víctima,Masculino,Buenos Aires,6.0,NS/NC,,,,,,,Sí,No,Femenino,Argentina,CABA,2.0,24,NS/NC,NS/NC,CABA,2.0,NS/NC
Internet,sí,No,2019-10-11,Nueva,"Explotación Sexual de N, N y A",Solicitud Institucional- Saliente,Masculino,Chaco,22.0,40,2019-10-12,Protex ,Sí,No,Víctima Directa,Femenino,Chaco,22.0,30,,,,,,,no,no,Femenino,Argentina,Chaco,22.0,30,NS/NC,Femenino,Entre Ríos,30.0,NS/NC
NS/NC,No,No,2019-10-11,Nueva,Oferta Laboral Engañosa,Línea 145,Presencia de M y H,San Luis,74.0,NS/NC,2019-10-11,Comisaría,No,No,No es Víctima,Femenino,Buenos Aires,6.0,NS/NC,,,,,,,No,No,Femenino,Países Limítrofes,NS/NC,,27,1,Femenino,San Luis,74.0,27
NS/NC,No,No,2019-10-12,Relacionada,Explotación Sexual,Línea 145,Masculino,salta,66.0,NS/NC,2019-10-12,Protex ,no,Sí,No es Víctima,Masculino,salta,66.0,NS/NC,,,,,,,No,No,Presencia de M y Trans,NS/NC,NS/NC,,15,NS/NC,Presencia de M y Trans,Salta,66.0,17
NS/NC,No,No,2019-10-12,Nueva,Posible captación,Línea 145,NS/NC,NS/NC,,NS/NC,2019-10-12,Protex ,no,Sí,Víctima Directa,Femenino,NS/NC,,NS/NC,,,,,,,No,No,Femenino,NS/NC,NS/NC,,16,NS/NC,Femenino,NS/NC,,NS/NC
Boca en Boca,Sí,No,2019-10-12,Nueva,Reducción a la servidumbre o situaciones análogas,Línea 145,Masculino,Buenos Aires,6.0,NS/NC,2019-10-12,PSA y Protex,no,Sí,No es Víctima,Masculino,Buenos Aires,6.0,NS/NC,,,,,,,No,No,NS/NC,Argentina,NS/NC,,NS/NC,NS/NC,Presencia de M y H,Buenos Aires,6.0,13
Boca en Boca,Sí,No,2019-10-12,Nueva,Publicidad de Oferta Sexual,Línea 145,NS/NC,Buenos Aires,6.0,NS/NC,2019-10-12,Protex ,no,Sí,No es Víctima,Masculino,Buenos Aires,6.0,NS/NC,,,,,,,No,No,NS/NC,NS/NC,NS/NC,,NS/NC,NS/NC,Femenino,Buenos Aires,6.0,NS/NC
Otros modos de acercamiento a la Línea,No,No,2019-10-12,Nueva,"Explotación Laboral de N, N y A",Línea 145,Presencia de M y H,Mendoza,50.0,40,2019-10-12,Protex ,no,Sí,No es Víctima,Masculino,Mendoza,50.0,NS/NC,,,,,,,No,No,Femenino,Argentina,Mendoza,50.0,2,NS/NC,NS/NC,Mendoza,50.0,NS/NC
Boca en Boca,No,No,2019-10-13,Nueva,Oferta Laboral Engañosa,Línea 145,Masculino,Mendoza,50.0,NS/NC,2019-10-13,Gendarmería y Protex,No,No,Víctima Directa,Masculino,Mendoza,50.0,30,,,,,,,No,No,Masculino,Países Limítrofes,Salta,66.0,30,3,Masculino,Mendoza,50.0,30
Otros modos de acercamiento a la Línea,no,no,2019-10-12,Nueva,"Explotación Sexual de N, N y A",Línea 145,NS/NC,NS/NC,,NS/NC,2019-10-12,Gendarmería y Protex,no,Sí,No es Víctima,Femenino,Salta,66.0,NS/NC,,,,,,,no,no,Masculino,NS/NC,NS/NC,,11,2,Masculino,salta,66.0,11
Internet,No,No,2019-10-13,nueva,Pornografía Infantil,Línea 145,NS/NC,NS/NC,,NS/NC,2019-10-13,Protex ,No,No,Víctima Directa,Femenino,Santa Fe,82.0,31,,,,,,,No,No,NS/NC,NS/NC,NS/NC,,5,NS/NC,NS/NC,NS/NC,,5
NS/NC,No,No,2019-10-13,Nueva,Posible captación,Línea 145,Masculino,Buenos Aires,6.0,29,2019-10-14,Gendarmería y Protex,No,No,Víctima Directa,Femenino,Jujuy,38.0,28,,,,,,,NO,No,Femenino,Otros Países,NS/NC,,28,1,Femenino,JUJUY,38.0,28
NS/NC,No,No,2019-10-14,Ampliatoria,Explotación Sexual,Línea 145,Femenino,Buenos Aires,6.0,NS/NC,2019-10-14,Protex ,No,Sí,No es Víctima,Femenino,Buenos Aires,6.0,NS/NC,,,,,,,Sí,Sí,Presencia de M y H,Argentina,Buenos Aires,6.0,30,2,Presencia de M y H,Buenos Aires,6.0,30
NS/NC,No,No,2019-10-14,Ampliatoria,Explotación Sexual,Línea 145,Femenino,Buenos Aires,6.0,NS/NC,2019-10-14,Protex ,No,Sí,No es Víctima,Femenino,Buenos Aires,6.0,NS/NC,,,,,,,Sí,Sí,Presencia de M y H,Argentina,Buenos Aires,6.0,30,2,Presencia de M y H,Buenos Aires,6.0,30
ONG-Organismos nacionales,Sí,No,2019-10-14,Nueva,Explotación Sexual,Correo Electrónico,NS/NC,NS/NC,,NS/NC,2019-10-14,Protex ,No,No,No es Víctima,Femenino,Buenos Aires,6.0,NS/NC,,,,,,,NO,No,Presencia de M y Trans,NS/NC,NS/NC,,NS/NC,NS/NC,Presencia de M y Trans,Buenos Aires,6.0,NS/NC
NS/NC,No,No,2019-10-14,Nueva,Explotación Sexual,Línea 145,Masculino,Buenos Aires,6.0,60,2019-10-14,Gendarmería y Protex,No,Sí,Víctima Indirecta,Femenino,Buenos Aires,6.0,NS/NC,,,,,,,NO,No,Femenino,NS/NC,NS/NC,,17,16,Femenino,Buenos Aires,6.0,17
ONG-Organismos nacionales,Sí,No,2019-10-14,Ampliatoria,Explotación Sexual,Correo Electrónico,NS/NC,NS/NC,,NS/NC,2019-10-14,Protex ,No,No,No es Víctima,Femenino,Buenos Aires,6.0,NS/NC,,,,,,,NO,No,Presencia de M y Trans,NS/NC,NS/NC,,NS/NC,NS/NC,Presencia de M y Trans,Buenos Aires,6.0,NS/NC
ONG-Organismos nacionales,No,No,2019-10-15,Ampliatoria,Explotación Laboral,Línea telefónica institucional,Masculino,CABA,2.0,NS/NC,2019-10-15,Area Legal del PNR (ya judicializada),No,No,No es Víctima,Femenino,CABA,2.0,NS/NC,,,,,,,NO,No,Femenino,Países Limítrofes,CABA,2.0,20,3,Femenino,CABA,2.0,20
Ns/NC,No,NO,2019-10-15,Ampliatoria,Oferta Laboral Engañosa,Línea 145,Masculino,Mendoza,50.0,NS/NC,2019-10-15,Gendarmería y Protex,No,No,Víctima Directa,Masculino,mendoza,50.0,Ns/nc,,,,,,,No,No,Masculino,Países Limítrofes,Salta,66.0,Ns/Nc,3,Masculino,Mendoza,50.0,Ns/Nc
NS/NC,No,No,2019-10-15,Ampliatoria,Explotación Sexual,Línea 145,NS/NC,ns/nc,,NS/NC,2019-10-15,Area Legal del PNR (ya judicializada),No,Sí,No es Víctima,Masculino,CABA,2.0,Ns/nc,,,,,,,No,No,Femenino,Países Limítrofes,NS/NC,,NS/NC,NS/NC,Femenino,CABA,2.0,NS/NC
Ns/NC,No,NO,2019-10-15,Relacionada,Oferta Laboral Engañosa,Línea 145,Masculino,Mendoza,50.0,NS/NC,2019-10-15,Gendarmería y Protex,No,No,Víctima Directa,Masculino,mendoza,50.0,Ns/nc,,,,,,,No,No,Masculino,Países Limítrofes,Salta,66.0,Ns/Nc,3,Masculino,Mendoza,50.0,Ns/Nc
NS/NC,SÍ,NO,2019-10-15,NUEVA,Venta de Niñxs y otros delitos,Línea 145,FEMENINO,BUENOS AIRES,6.0,NS/NC,2019-10-15,PROTEX ,NO,Sí,No es Víctima,Femenino,BUENOS AIRES,6.0,NS/NC,,,,,,,NO,NO,MASCULINO,NS/NC,BUENOS AIRES,6.0,NS/NC,NS/NC,MASCULINO,BUENOS AIRES,6.0,80
NS/NC,NO,NO,2019-10-15,RELACIONADA,POSIBLE CAPTACIÓN,Línea 145,NS/nc,NS/NC,,NS/NC,2019-10-15,Protex ,NO,Sí,VÍCTIMA DIRECTA,FEMENINO,BUENOS AIRES,6.0,NS/nc,,,,,,,NO,NO,FEMENINO,NS/NC,BUENOS AIRES,6.0,NS/nc,NS/NC,NS/NC,NS/NC,,NS/NC
ONG-Organismos nacionales,No,No,2019-10-15,Relacionada,"Explotación Sexual de N, N y A",Línea 145,Femenino,Buenos Aires,6.0,50,2019-10-15,Protex ,No,Sí,No es Víctima,Masculino,Buenos Aires,6.0,NS/nc,,,,,,,No,No,Femenino,NS/NC,Buenos Aires,6.0,5,1,Femenino,Buenos Aires,6.0,5
Otros modos de acercamiento a la Línea,No,No,2019-10-16,Nueva,Oferta Laboral Engañosa,Línea 145,Presencia de M y H,NS/NC,,NS/NC,2019-10-16,Area Legal para judicializar,No,No,No es Víctima,Femenino,NS/NC,,30,,,,,,,No,No,Femenino,Argentina,Buenos Aires,6.0,19,2,Femenino,CABA,2.0,18
NS/NC,No,No,2019-10-16,Nueva,Explotación Sexual,Línea 145,Masculino,NS/NC,,45,2019-10-16,Area Legal para judicializar,No,No,Víctima Directa,Femenino,CABA,2.0,33,,,,,,,No,No,Femenino,Otros Países,Buenos Aires,6.0,33,1,Femenino,CABA,2.0,33
NS/NC,No,No,2019-10-16,Nueva,Explotación Laboral,Línea 149,Presencia de M y H,Buenos Aires,6.0,40,2019-10-16,Protex ,NO,Sí,No es Víctima,Masculino,Buenos Aires,6.0,NS/nc,,,,,,,No,No,NS/NC,NS/NC,NS/NC,,NS/nc,NS/NC,NS/NC,Buenos Aires,6.0,NS/NC
NS/NC,No,No,2019-10-16,Nueva,Venta de Niñxs y otros delitos,Línea 145,Presencia de M y H,BUENOS AIRES,6.0,60,2019-10-16,Protex ,No,Sí,No es Víctima,Femenino,Buenos Aires,6.0,NS/nc,,,,,,,No,No,NS/NC,NS/NC,NS/NC,,NS/nc,NS/NC,NS/NC,Buenos Aires,6.0,NS/NC
NS/NC,No,No,2019-10-15,Ampliatoria,Posible captación,Correo Electrónico,NS/NC,NS/NC,,NS/NC,2019-10-16,Protex ,No,Sí,Víctima Directa,Femenino,Buenos Aires,6.0,NS/NC,,,,,,,No,No,Femenino,NS/NC,Buenos Aires,6.0,NS/NC,NS/NC,Femenino,NS/NC,,NS/NC
NS/NC,No,No,2019-10-16,Nueva,oferta laboral engañosa,Línea 145,Femenino,NS/NC,,NS/NC,2019-10-16,Protex,No,Sí,Víctima Directa,NS/NC,NS/NC,,NS/NC,,,,,,,No,No,NS/NC,Argentina,Córdoba,14.0,NS/NC,NS/NC,NS/NC,NS/NC,,NS/NC
NS/NC,No,No,2019-10-16,Ampliatoria,Explotación Sexual,Línea 145,Femenino,Buenos Aires,6.0,NS/NC,2019-10-14,Protex ,No,Anónima,No es Víctima,Femenino,Buenos Aires,6.0,NS/NC,,,,,,,Sí,Sí,Presencia de M y H,Argentina,Buenos Aires,6.0,30,2,Presencia de M y H,Buenos Aires,6.0,30
NS/NC,No,No,2019-10-16,Nueva,Explotación Laboral,Línea 145,Masculino,Mendoza,50.0,NS/NC,2019-10-16,Protex ,No,No,Víctima Directa,Masculino,Mendoza,50.0,30,,,,,,,No,No,Masculino,Países Limítrofes,Salta,66.0,NS/NC,10,Masculino,Mendoza,50.0,30
Otros modos de acercamiento a la Línea,No,No,2019-10-16,Ampliatoria,Oferta Laboral Engañosa,Línea 145,Presencia de M y H,NS/NC,,NS/NC,2019-10-16,Area Legal para judicializar,NO,No,No es Víctima,Femenino,NS/NC,,30,,,,,,,No,No,Femenino,Argentina,Buenos Aires,6.0,19,2,Femenino,CABA,2.0,18
Otros modos de acercamiento a la Línea,No,No,2019-10-16,Ampliatoria,Oferta Laboral Engañosa,Línea 145,Presencia de M y H,NS/NC,,NS/NC,2019-10-16,Area Legal para judicializar,NO,No,No es Víctima,Femenino,NS/NC,,NS/nc,,,,,,,No,No,Femenino,Argentina,Buenos Aires,6.0,19,2,Femenino,CABA,2.0,18
Boca en Boca,no,no,2019-10-17,Nueva,"Explotación Laboral de N, N y A",Línea 145,Masculino,Buenos Aires,6.0,NS/NC,2019-10-17,Gendarmería y Area Legal del PNR,no,Sí,Víctima Directa,Masculino,caba,2.0,NS/nc,,,,,,,no,no,Masculino,Países Limítrofes,NS/NC,,12,16,Masculino,caba,2.0,12
NS/NC,No,No,2019-10-17,Nueva,"Explotación Sexual de N, N y A",Línea 145,Femenino,Buenos Aires,6.0,NS/NC,2019-10-17,Protex ,No,No,Víctima Directa,Femenino,Buenos Aires,6.0,43,,,,,,,No,No,Masculino,NS/NC,Buenos Aires,6.0,14,NS/NC,Femenino,Buenos Aires,6.0,14
NS/NC,No,No,2019-10-17,Relacionada,Explotación Laboral,Línea 145,Presencia de M y H,Mendoza,50.0,NS/NC,2019-10-17,Protex ,No,Sí,No es Víctima,Femenino,Mendoza,50.0,NS/NC,,,,,,,No,No,Femenino,Argentina,Mendoza,50.0,NS/NC,1,NS/NC,Salta,66.0,NS/NC
NS/NC,NO,NO,2019-10-17,Nueva,Explotación Laboral,Línea 145,Femenino,NS/NC,,NS/NC,2019-10-17,Protex ,No,No,No es Víctima,FEMENINO,Jujuy,38.0,NS/NC,,,,,,,NO,NO,Masculino,Argentina,JUJUY,38.0,NS/nc,1,Masculino,JUJUY,38.0,NS/NC
NS/NC,No,No,2019-10-17,Nueva,Explotación Sexual,Línea 145,Presencia de M y H,NS/NC,,NS/NC,2019-10-17,Protex ,No,Sí,No es Víctima,Masculino,Buenos Aires,6.0,NS/NC,,,,,,,No,No,Femenino,Argentina,NS/NC,,NS/NC,4,Femenino,Buenos Aires,6.0,NS/NC
NS/NC,NO,NO,2019-10-17,Relacionada,Explotación Laboral,Línea 145,Femenino,NS/NC,,NS/NC,2019-10-17,Protex ,No,No,No es Víctima,FEMENINO,Jujuy,38.0,NS/NC,,,,,,,NO,NO,Masculino,Argentina,JUJUY,38.0,NS/nc,1,Masculino,JUJUY,38.0,NS/NC
NS/NC,NO,NO,2019-10-17,Relacionada,Explotación Laboral,Línea 145,Femenino,NS/NC,,NS/NC,2019-10-17,Protex ,No,No,No es Víctima,FEMENINO,Jujuy,38.0,NS/NC,,,,,,,NO,NO,Masculino,Argentina,JUJUY,38.0,NS/nc,1,Masculino,JUJUY,38.0,NS/NC
NS/NC,No,No,2019-10-18,Nueva,Venta de Niñxs y otros delitos,Línea 145,Masculino,Corrientes,18.0,67,2019-10-18,Comisaría,No,Sí,Víctima Directa,Femenino,Corrientes,18.0,25,,,,,,,No,No,Femenino,Argentina,Corrientes,18.0,NS/NC,1,Femenino,Corrientes,18.0,12
NS/NC,NO,NO,2019-10-18,Ampliatoria,Explotación Sexual,Línea 145,Femenino,caba,2.0,NS/NC,2019-10-18,Area Legal para judicializar,NO,Sí,No es Víctima,Masculino,Buenos Aires,6.0,NS/NC,,,,,,,NO,NO,Femenino,NS/NC,NS/NC,,17,9,Femenino,CABA,2.0,17
Internet,No,No,2019-10-18,Nueva,Venta de Niñxs y otros delitos,Línea 145,Femenino,Jujuy,38.0,26,2019-10-18,Gendarmería y Protex,No,No,No es Víctima,Femenino,Jujuy,38.0,27,,,,,,,No,No,Femenino,Argentina,Jujuy,38.0,1,1,Femenino,Jujuy,38.0,1
NS/NC,NO,NO,2019-10-18,Ampliatoria,Explotación Laboral,Línea 145,Femenino,NS/NC,,NS/NC,2019-10-17,Protex ,No,No,No es Víctima,FEMENINO,Jujuy,38.0,NS/NC,,,,,,,NO,NO,Masculino,Argentina,JUJUY,38.0,NS/nc,1,Masculino,JUJUY,38.0,NS/NC
ONG-Organismos nacionales,No,No,2019-10-20,Nueva,Explotación Sexual,Línea 145,Masculino,Santa Fe,82.0,40,2019-10-20,Gendarmería y Protex,No,Sí,Víctima Indirecta,Femenino,Santa Fe,82.0,25,,,,,,,No,No,Femenino,NS/NC,Santa Fe,82.0,NS/NC,1,Femenino,Santa Fe,82.0,NS/NC
NS/NC,No,No,2019-10-20,Nueva,Publicidad de Oferta Sexual,Línea 145,NS/NC,NS/NC,,NS/NC,2019-10-20,Protex ,No,No,No es Víctima,Femenino,Buenos Aires,6.0,19,,,,,,,No,No,Femenino,NS/NC,NS/NC,,NS/NC,NS/NC,Femenino,NS/NC,,NS/NC
NS/NC,No,No,2019-10-20,Nueva,Explotación Sexual,Línea 145,Presencia de M y H,NS/NC,,NS/NC,2019-10-20,Policía Federal y Protex,No,Sí,No es Víctima,Masculino,NS/NC,,NS/NC,,,,,,,No,No,Femenino,NS/NC,Buenos Aires,6.0,NS/NC,NS/NC,NS/NC,Buenos Aires,6.0,1
ONG-Organismos nacionales,No,no,2019-10-20,Nueva,Venta de Niñxs y otros delitos,Línea 145,NS/NC,NS/NC,,NS/NC,2019-10-20,Protex ,NO,No,No es Víctima,Femenino,Buenos Aires,6.0,NS/NC,,,,,,,No,No,Femenino,NS/NC,Buenos Aires,6.0,NS/NC,1,NS/NC,Buenos Aires,6.0,NS/NC
ONG-Organismos nacionales,NO,NO,2019-10-20,Nueva,Desaparición de personas,Línea 145,NS/NC,NS/NC,,NS/NC,2019-10-21,Policía Federal y Protex,No,No,No es Víctima,Femenino,Buenos Aires,6.0,NS/NC,,,,,,,NO,NO,Femenino,Países Limítrofes,Buenos Aires,6.0,19,1,Femenino,Buenos Aires,6.0,19
ONG-Organismos nacionales,NO,NO,2019-10-20,Ampliatoria,Desaparición de personas,Línea 145,NS/NC,NS/NC,,NS/NC,2019-10-21,Gendarmería y Area Legal del PNR,No,No,No es Víctima,Femenino,Buenos Aires,6.0,NS/NC,,,,,,,NO,NO,Femenino,Países Limítrofes,Buenos Aires,6.0,19,1,Femenino,Buenos Aires,6.0,19
NS/NC,No,No,2019-10-21,Nueva,"Explotación Laboral de N, N y A",Línea 145,Presencia de M y H,Salta,66.0,60,2019-10-21,Gendarmería y Protex,No,Sí,No es Víctima,Masculino,Salta,66.0,NS/NC,,,,,,,No,No,Femenino,Argentina,Salta,66.0,13,1,Femenino,Salta,66.0,13
NS/NC,No,No,2019-10-21,Nueva,Pornografía Infantil,Línea 145,Masculino,NS/NC,,NS/NC,2019-10-21,Protex ,No,Sí,No es Víctima,Femenino,NS/NC,,NS/NC,,,,,,,No,No,Femenino,NS/NC,NS/NC,,12,2,Femenino,NS/NC,,12
NS/NC,No,No,2019-10-21,Relacionada,Grooming,Línea 145,Masculino,CABA,2.0,NS/NC,2019-10-21,Protex ,No,Sí,No es Víctima,Femenino,NS/NC,,NS/NC,,,,,,,No,No,Masculino,Argentina,Río Negro,62.0,15,1,Masculino,Río Negro,62.0,15
NS/NC,No,No,2019-10-21,Nueva,Explotación Sexual,Línea 145,NS/NC,NS/NC,,NS/NC,2019-10-21,Protex ,No,Sí,Víctima Directa,Femenino,NS/NC,,NS/NC,,,,,,,No,No,Femenino,NS/NC,NS/NC,,NS/NC,NS/NC,Femenino,NS/NC,,NS/NC
NS/NC,no,no,2019-10-21,Nueva,Explotación Sexual,Línea 145,Masculino,Córdoba,14.0,46,2019-10-21,Gendarmería y Protex,No,Sí,No es Víctima,Masculino,NS/NC,,NS/NC,,,,,,,no,no,Femenino,NS/NC,Córdoba,14.0,29,1,Femenino,Córdoba,14.0,29
NS/NC,Sí,No,2019-10-22,Ampliatoria,Explotación Laboral,Línea 145,Masculino,NS/NC,,NS/NC,2019-10-22,Gendarmería y Area Legal del PNR,No,Sí,Víctima Directa,Masculino,CABA,2.0,NS/NC,,,,,,,No,No,Masculino,Países Limítrofes,NS/NC,,NS/NC,16,Masculino,CABA,2.0,NS/NC
NS/NC,No,No,2019-10-22,Relacionada,Explotación Sexual,Línea 145,Masculino,Tucumán,90.0,60,2019-10-22,Protex ,No,No,No es Víctima,Masculino,Tucumán,90.0,63,,,,,,,No,No,Femenino,NS/NC,Tucumán,90.0,15,6,Femenino,Tucumán,90.0,15
ONG-Organismos nacionales,NO,NO,2019-10-22,Relacionada,Desaparición de personas,Línea 145,NS/NC,NS/NC,,NS/NC,2019-10-21,Gendarmería y Area Legal del PNR,No,No,No es Víctima,Masculino,Buenos Aires,6.0,ns/nc,,,,,,,NO,NO,Femenino,Países Limítrofes,Buenos Aires,6.0,19,1,Femenino,Buenos Aires,6.0,19
NS/NC,No,No,2019-10-22,Ampliatoria,Venta de Niñxs y otros delitos,Línea 145,NS/NC,Buenos Aires,6.0,NS/NC,2019-10-22,Protex ,No,No,No es Víctima,Masculino,Buenos Aires,6.0,NS/NC,,,,,,,No,No,Femenino,Argentina,NS/NC,,23,1,Femenino,Buenos Aires,6.0,23
NS/NC,No,No,2019-10-22,Nueva,Oferta Laboral Engañosa,Línea 145,Femenino,Buenos Aires,6.0,NS/NC,2019-10-22,Area Legal para judicializar,no,Sí,No es Víctima,Femenino,cABA,2.0,NS/NC,,,,,,,NO,NO,NS/NC,NS/NC,CABA,2.0,NS/NC,1,Femenino,caba,2.0,NS/NC
NS/NC,No,No,2019-10-22,Nueva,Explotación Laboral,Línea 145,Masculino,Tucumán,90.0,74,2019-10-22,Protex ,No,Sí,No es Víctima,Femenino,Buenos Aires,6.0,NS/NC,,,,,,,No,No,Femenino,Argentina,Tucumán,90.0,15,6,Femenino,Tucumán,90.0,15
NS/NC,No,No,2019-10-22,Ampliatoria,Explotación Sexual,Línea 145,Presencia de M y H,NS/NC,,NS/NC,2019-10-22,Area Legal del PNR (ya judicializada),No,Sí,No es Víctima,Masculino,CABA,2.0,NS/NC,,,,,,,No,No,Femenino,NS/NC,CABA,2.0,23,2,Femenino,CABA,2.0,23
NS/NC,No,No,2019-10-22,Ampliatoria,Oferta Laboral Engañosa,Línea 145,Femenino,Buenos Aires,6.0,NS/NC,2019-10-22,Area Legal para judicializar,no,Sí,No es Víctima,Femenino,cABA,2.0,NS/NC,,,,,,,NO,NO,NS/NC,NS/NC,CABA,2.0,NS/NC,1,Femenino,caba,2.0,NS/NC
Internet,No,No,2019-10-22,Nueva,Posible captación,Línea 145,Masculino,Salta,66.0,NS/NC,2019-10-23,Gendarmería y Protex,No,Sí,No es Víctima,Masculino,Salta,66.0,NS/NC,,,,,,,NO,NO,Femenino,Argentina,Salta,66.0,20,1,Femenino,Salta,66.0,20
NS/NC,No,No,2019-10-23,Nueva,Explotación Sexual,Línea 145,NS/NC,NS/NC,,NS/NC,2019-10-23,Protex ,No,Sí,No es Víctima,Masculino,SANTA FE,82.0,NS/NC,,,,,,,No,No,NS/NC,Argentina,Santa Fe,82.0,NS/NC,NS/NC,Femenino,Santa Fe,82.0,NS/NC
NS/NC,No,No,2019-10-23,Relacionada,Explotación Sexual,Línea 145,Masculino,NS/NC,,NS/NC,2019-10-23,Protex,No,No,Víctima Directa,Femenino,Buenos Aires,6.0,NS/NC,,,,,,,No,No,Presencia de M y H,Argentina,Buenos Aires,6.0,NS/NC,NS/NC,Femenino,Buenos Aires,6.0,NS/NC
NS/NC,No,No,2019-10-23,Nueva,Explotación Sexual,Línea 145,Masculino,Jujuy,38.0,NS/NC,2019-10-23,Protex ,No,Sí,No es Víctima,Masculino,Buenos Aires,6.0,NS/NC,,,,,,,No,No,NS/NC,NS/NC,Jujuy,38.0,NS/NC,NS/NC,NS/NC,Jujuy,38.0,NS/NC
NS/NC,No,No,2019-10-24,Nueva,Pornografía Infantil,Línea 145,NS/NC,NS/NC,,NS/NC,2019-10-24,Protex ,No,Sí,No es Víctima,Femenino,NS/NC,,NS/NC,,,,,,,No,No,NS/NC,NS/NC,NS/NC,,NS/NC,1,Femenino,NS/NC,,NS/NC
NS/NC,No,No,2019-10-24,Nueva,Explotación Sexual,Línea 145,Femenino,Salta,66.0,17,2019-10-24,Protex ,No,Sí,No es Víctima,Masculino,Salta,66.0,NS/NC,,,,,,,No,No,Femenino,Argentina,Salta,66.0,17,1,Femenino,Salta,66.0,17
NS/NC,No,No,2019-10-24,Ampliatoria,Explotación Sexual,Línea 145,Femenino,CABA,2.0,NS/NC,2019-10-24,Area Legal del PNR (ya judicializada),No,Sí,No es Víctima,Masculino,CABA,2.0,NS/NC,,,,,,,No,No,Femenino,NS/NC,CABA,2.0,NS/NC,NS/NC,Femenino,CABA,2.0,NS/NC
NS/NC,No,No,2019-10-24,Ampliatoria,Reducción a la servidumbre o situaciones análogas,Línea 145,Masculino,Mendoza,50.0,NS/NC,2019-10-24,Protex ,No,No,Víctima Directa,Femenino,Mendoza,50.0,NS/NC,,,,,,,No,No,Femenino,Países Limítrofes,Mendoza,50.0,NS/NC,NS/NC,Femenino,Mendoza,50.0,NS/NC
NS/NC,No,No,2019-10-24,Ampliatoria,Explotación Laboral,Línea 145,Presencia de M y H,Córdoba,14.0,32,2019-10-24,Protex ,No,Sí,No es Víctima,Masculino,Córdoba,14.0,NS/NC,,,,,,,No,No,Femenino,Países Limítrofes,NS/NC,,16,6,Femenino,Córdoba,14.0,16
NS/NC,No,No,2019-10-24,Nueva,Pornografía Infantil,Línea 145,Masculino,NS/NC,,NS/NC,2019-10-24,Protex ,No,Sí,No es Víctima,Femenino,Jujuy,38.0,NS/NC,,,,,,,No,No,NS/NC,Argentina,NS/NC,,NS/NC,NS/NC,Presencia de M y H,NS/NC,,NS/NC
NS/NC,No,No,2019-10-24,Nueva,Explotación Laboral,Línea 145,Femenino,Buenos Aires,6.0,NS/NC,2019-10-24,Protex ,No,No,Víctima Directa,Masculino,Buenos Aires,6.0,31,,,,,,,No,No,Presencia de M y H,Argentina,Buenos Aires,6.0,31,3,Presencia de M y H,Buenos Aires,6.0,33
NS/NC,No,No,2019-10-24,Nueva,Posible captación,Línea 145,Femenino,Buenos Aires,6.0,NS/NC,2019-10-24,Protex ,No,Sí,No es Víctima,Masculino,NS/NC,,NS/NC,,,,,,,No,No,Femenino,Argentina,Buenos Aires,6.0,20,1,Femenino,Buenos Aires,6.0,20
NS/NC,No,No,2019-10-25,Ampliatoria,Oferta Laboral Engañosa,Línea 145,Femenino,Buenos Aires,6.0,NS/NC,2019-10-25,Area Legal para judicializar,No,Sí,Víctima Directa,Femenino,cABA,2.0,NS/NC,,,,,,,NO,NO,NS/NC,NS/NC,CABA,2.0,NS/NC,1,Femenino,caba,2.0,NS/NC
NS/NC,No,No,2019-10-25,Nueva,NS/NC,Línea 145,Masculino,NS/NC,,NS/NC,2019-10-25,Comisaría,No,Sí,NS/NC,NS/NC,NS/NC,,NS/NC,,,,,,,no,no,NS/NC,NS/NC,jujuy,38.0,NS/NC,1,Femenino,Jujuy,38.0,NS/NC
NS/NC,no,no,2019-10-25,Nueva,Venta de Niñxs y otros delitos,Línea 149,NS/NC,Buenos Aires,6.0,NS/NC,2019-10-25,Comisaría,No,Sí,No es Víctima,Femenino,Buenos Aires,6.0,NS/NC,,,,,,,NO,no,NS/NC,NS/NC,BUENOS AIRES,6.0,NS/NC,2,NS/NC,Buenos Aires,6.0,NS/NC
ONG-Organismos nacionales,Sí,No,2019-10-25,Nueva,"Explotación Laboral de N, N y A",Línea 145,Masculino,Buenos Aires,6.0,48,2019-10-25,Gendarmería y Protex,No,Sí,Víctima Directa,Masculino,Buenos Aires,6.0,33,,,,,,,No,No,Presencia de M y H,Países Limítrofes,NS/NC,,14,16,Presencia de M y H,Buenos Aires,6.0,14
NS/NC,Sí,No,2019-10-26,Nueva,Explotación Sexual,Línea 145,Presencia de M y H,Salta,66.0,42,2019-10-26,Gendarmería y Protex,No,Sí,No es Víctima,Masculino,Salta,66.0,NS/NC,,,,,,,No,No,Femenino,Argentina,Salta,66.0,17,2,Femenino,Salta,66.0,17
NS/NC,No,No,2019-10-26,Nueva,Posible captación,Línea 145,Masculino,Mendoza,50.0,40,2019-10-26,Protex ,No,No,Víctima Directa,Femenino,Mendoza,50.0,NS/NC,,,,,,,No,No,Femenino,Argentina,Mendoza,50.0,NS/NC,2,Femenino,Mendoza,50.0,NS/NC
NS/NC,No,No,2019-10-27,Nueva,Explotación Sexual,Línea 145,Presencia de M y H,Entre Ríos,30.0,NS/NC,2019-10-27,Gendarmería y Protex,No,Sí,Víctima Indirecta,Femenino,Entre Ríos,30.0,NS/NC,,,,,,,No,No,Femenino,Argentina,Entre Ríos,30.0,NS/NC,NS/NC,NS/NC,Entre Ríos,30.0,NS/NC
NS/NC,No,No,2019-10-28,Nueva,Explotación Sexual,Línea 145,NS/NC,NS/NC,,NS/NC,2019-10-28,Protex ,No,No,No es Víctima,Masculino,Córdoba,14.0,NS/NC,,,,,,,No,No,Femenino,NS/NC,NS/NC,,NS/NC,1,Femenino,San Luis,74.0,NS/NC
NS/NC,no,No,2019-10-28,Nueva,Explotación Sexual,Línea 145,NS/NC,caba,2.0,NS/NC,2019-10-28,Area Legal para judicializar,No,Sí,No es Víctima,Femenino,caba,2.0,NS/nc,,,,,,,NO,No,Femenino,NS/NC,caba,2.0,NS/NC,3,Trans,caba,2.0,NS/NC
NS/NC,no,No,2019-10-28,Nueva,Explotación Laboral,Línea 145,Masculino,caba,2.0,NS/NC,2019-10-28,Area Legal para judicializar,NO,No,Víctima Directa,Masculino,caba,2.0,50,,,,,,,No,No,Masculino,Otros Países,caba,2.0,NS/nc,1,Masculino,caba,2.0,50
NS/NC,no,no,2019-10-28,Nueva,Posible captación,Línea 145,Ns/NC,NS/NC,,NS/NC,2019-10-28,Area Legal para judicilizar,no,Sí,No es Víctima,Masculino,CABA,2.0,NS/NC,,,,,,,no,no,Femenino,NS/NC,NS/NC,,NS/NC,1,femenino,CABA,2.0,nS/NC
radio,no,no,2019-10-29,Nueva,Explotación Sexual,Línea 145,NS/NC,NS/NC,,NS/NC,2019-10-29,Protex ,NO,Sí,No es Víctima,Masculino,Buenos Aires,6.0,NS/NC,,,,,,,NO,NO,NS/NC,NS/NC,NS/NC,,NS/NC,NS/NC,NS/NC,Buenos Aires,6.0,NS/NC
NS/NC,no,no,2019-10-29,Nueva,Explotación Sexual,Línea 145,NS/NC,NS/NC,,NS/NC,2019-10-29,Protex ,No,No,No es Víctima,Femenino,Buenos Aires,6.0,55,,,,,,,no,no,Trans,NS/NC,NS/NC,,20,3,Presencia de M y Trans,Buenos Aires,6.0,20
Internet,No,No,2019-10-29,Nueva,Explotación Sexual,Línea 145,Femenino,Santa Fe,82.0,45,2019-10-29,Protex ,No,Sí,No es Víctima,Masculino,Santa Fe,82.0,NS/NC,,,,,,,No,No,Presencia de M y Trans,NS/NC,Santa Fe,82.0,15,5,Presencia de M y Trans,Santa Fe,82.0,15
ns/NC,no,no,2019-10-29,Nueva,Explotación Laboral,Línea 145,NS/NC,NS/NC,,NS/NC,2019-10-29,Gendarmería y Protex,NO,Sí,No es víctima,Masculino,NS/NC,,NS/NC,,,,,,,no,no,Presencia de M y H,NS/NC,Ns/NC,,15,6,Presencia de M y H,Buenos Aires,6.0,15
ONG-Organismos nacionales,Sí,No,2019-10-29,Nueva,Explotación Sexual,Línea 145,Masculino,Córdoba,14.0,80,2019-10-29,Protex ,No,Sí,No es Víctima,Femenino,Córdoba,14.0,NS/NC,,,,,,,No,No,Femenino,NS/NC,NS/NC,,NS/NC,2,Femenino,Córdoba,14.0,NS/NC
NS/NC,NO,NO,2019-10-29,Nueva,Explotación Sexual,Línea 145,Masculino,Córdoba,14.0,60,2019-10-29,Protex ,no,Sí,No es Víctima,Femenino,Córdoba,14.0,NS/NC,,,,,,,NO,NO,Femenino,NS/NC,NS/NC,,NS/nc,NS/NC,Femenino,Catamarca,10.0,NS/NC
NS/NC,No,No,2019-10-30,Relacionada,Explotación Sexual,Línea 145,NS/NC,Córdoba,14.0,NS/NC,2019-10-30,Protex ,No,Sí,No es Víctima,NS/NC,NS/NC,,NS/NC,,,,,,,No,No,Femenino,NS/NC,Catamarca,10.0,NS/NC,NS/NC,NS/NC,Catamarca,10.0,NS/NC
NS/NC,No,No,2019-10-30,Nueva,Oferta Laboral Engañosa,Línea 145,Femenino,CABA,2.0,NS/NC,2019-10-30,Area Legal para judicializar,No,Sí,Víctima Directa,Femenino,CABA,2.0,31,,,,,,,No,No,Femenino,NS/NC,Buenos Aires,6.0,NS/NC,NS/NC,NS/NC,CABA,2.0,NS/NC
NS/NC,No,No,2019-10-30,Nueva,Explotación Sexual,Línea 145,Femenino,CABA,2.0,24,2019-10-30,Area Legal del PNR (ya judicializada),No,No,No es Víctima,Femenino,CABA,2.0,NS/NC,,,,,,,Sí,No,Presencia de M y H,Países Limítrofes,CABA,2.0,NS/NC,NS/NC,NS/NC,CABA,2.0,NS/NC
NS/NC,No,No,2019-10-30,Nueva,Explotación Sexual,Línea 145,NS/NC,Santa Fe,82.0,NS/NC,2019-10-30,Gendarmería y Protex,No,Sí,No es Víctima,Masculino,Santa Fe,82.0,NS/NC,,,,,,,No,No,Femenino,Argentina,Santa Fe,82.0,16,15,Femenino,Santa Fe,82.0,NS/NC
NS/NC,No,No,2019-10-31,Nueva,Desaparición de personas,Línea 145,NS/NC,CABA,2.0,NS/NC,2019-10-31,Area Legal para judicializar,No,No,No es Víctima,Femenino,CABA,2.0,NS/NC,,,,,,,Sí,No,Masculino,Argentina,CABA,2.0,23,1,Masculino,CABA,2.0,NS/NC
NS/NC,No,No,2019-10-31,Nueva,"Explotación Laboral de N, N y A",Línea 145,Masculino,Salta,66.0,NS/NC,2019-10-31,Gendarmería y Protex,No,Sí,No es Víctima,Femenino,Salta,66.0,NS/NC,,,,,,,No,No,Masculino,Argentina,Salta,66.0,10,1,Masculino,Salta,66.0,10
Boca en Boca,No,No,2019-10-31,Nueva,Oferta Laboral Engañosa,Línea 145,Masculino,NS/NC,,NS/NC,2019-10-31,Area Legal para judicializar,No,No,Víctima Directa,Femenino,CABA,2.0,20,,,,,,,No,No,Femenino,Argentina,CABA,2.0,20,1,Femenino,CABA,2.0,20
NS/NC,No,No,2019-10-31,Nueva,Desaparición de personas,Línea 145,NS/NC,NS/NC,,NS/NC,2019-10-31,Protex y Personas Extraviadas,No,No,No es Víctima,Femenino,Buenos Aires,6.0,NS/NC,,,,,,,No,No,Masculino,Argentina,Buenos Aires,6.0,20,1,Masculino,Buenos Aires,6.0,20
NS/NC,No,No,2019-10-31,Nueva,Explotación Laboral,Línea 145,NS/NC,NS/NC,,NS/NC,2019-10-31,Gendarmería y Protex,No,No,No es Víctima,Masculino,Buenos Aires,6.0,NS/NC,,,,,,,No,No,Presencia de M y H,Argentina,Buenos Aires,6.0,NS/NC,9,Presencia de M y H,Buenos Aires,6.0,NS/NC
Boca en Boca,No,No,2019-10-30,Nueva,Oferta Laboral Engañosa,Línea 145,Masculino,NS/NC,,NS/NC,2019-10-31,Area Legal para judicializar,No,Sí,Víctima Directa,Femenino,CABA,2.0,NS/NC,,,,,,,No,No,Femenino,Argentina,Buenos Aires,6.0,NS/NC,NS/NC,Femenino,Buenos Aires,6.0,NS/NC
